Store Name,Address,Street,City,State,Zip,Country,Duration,Distance,DateTime,Points Earned,Fare,Promotion,Boost,Tip,Your Earnings,Customer 1 Price,Customer 1 Tip,Customer 1 Service Fee,Customer 2 Price,Customer 2 Tip,Customer 2 Service Fee,Customer 3 Price,Customer 3 Tip,Customer 3 Service Fee,Customer 4 Price,Customer 4 Tip,Customer 4 Service Fee,Customer 5 Price,Customer 5 Tip,Customer 5 Service Fee,Customer 6 Price,Customer 6 Tip,Customer 6 Service Fee,Customer 7 Price,Customer 7 Tip,Customer 7 Service Fee,Customer 8 Price,Customer 8 Tip,Customer 8 Service Fee,Customer 9 Price,Customer 9 Tip,Customer 9 Service Fee,Customer 10 Price,Customer 10 Tip,Customer 10 Service Fee,Customer Payments Total,Service Fee Total
Filippi's Pizza Restaurant and Bar,"A St, San Diego, CA 92101-4535, US",A St,San Diego,CA,92101,US,00:31:27,14.2,08/06/2023 19:57:00,12,9.06,0,0,5,14.06,9.56,2,6.16,13.81,3,8.15,0,0,0,0,0,0,0,0,0,0,0,0,0,0,0,0,0,0,0,0,0,0,0,0,28.370000000000005,14.31
Walmart SAN DIEGO #5338,"Pearl St, La Jolla, CA 92037, US",Pearl St,La Jolla,CA,92037,US,00:32:50,9.9,08/05/2023 17:37:00,6,12.84,0,0,8.7,21.54,21.27,8.7,8.43,0,0,0,0,0,0,0,0,0,0,0,0,0,0,0,0,0,0,0,0,0,0,0,0,0,0,0,29.97,8.43
San Diego Poke Co,"Reflection Dr, San Diego, CA 92124, US",Reflection Dr,San Diego,CA,92124,US,00:15:41,2,07/06/2023 11:53:00,3,3.07,0,0,10.32,13.39,12.22,10.32,9.15,0,0,0,0,0,0,0,0,0,0,0,0,0,0,0,0,0,0,0,0,0,0,0,0,0,0,0,22.54,9.15
CAVA (1652 Camino Del Rio N),"Ambrosia Dr, San Diego, CA 92124, US",Ambrosia Dr,San Diego,CA,92124,US,00:17:09,5,07/06/2023 11:29:00,3,5.91,0,0,4.15,10.06,11.1,4.15,5.19,0,0,0,0,0,0,0,0,0,0,0,0,0,0,0,0,0,0,0,0,0,0,0,0,0,0,0,15.25,5.19
Sonic (5247 Kearny Villa Rd),"Hollycrest Ct, San Diego, CA 92121-4137, US",Hollycrest Ct,San Diego,CA,92121,US,00:41:56,12.1,07/03/2023 20:50:00,12,11.17,0,0,9.92,21.09,19.93,3.96,11.63,10.33,5.96,7.46,0,0,0,0,0,0,0,0,0,0,0,0,0,0,0,0,0,0,0,0,0,0,0,0,40.18,19.09
Adam's Wine & Spirits,"Butternut Ln, San Diego, CA 92123, USA",Butternut Ln,San Diego,CA,92123,USA,00:21:11,7.3,07/03/2023 20:27:00,6,7.84,1.28,1.28,5.5,14.62,12.99,5.5,3.87,0,0,0,0,0,0,0,0,0,0,0,0,0,0,0,0,0,0,0,0,0,0,0,0,0,0,0,18.490000000000002,3.87
"bb.q Chicken Convoy, CA","Florida St, San Diego, CA 92116-2710, US",Florida St,San Diego,CA,92116,US,00:16:51,6.1,07/03/2023 20:07:00,6,5.05,0,0,6,11.05,8.39,6,3.34,0,0,0,0,0,0,0,0,0,0,0,0,0,0,0,0,0,0,0,0,0,0,0,0,0,0,0,14.39,3.34
The Taco Stand (Convoy St),"Balboa Terrace, San Diego, CA 92117, USA",Balboa Terrace,San Diego,CA,92117,USA,00:26:05,4.2,07/03/2023 19:32:00,6,4.85,0,0,5.25,10.1,10.74,5.25,5.89,0,0,0,0,0,0,0,0,0,0,0,0,0,0,0,0,0,0,0,0,0,0,0,0,0,0,0,15.99,5.89
Chopstix,"Olive St, San Diego, CA 92103, US",Olive St,San Diego,CA,92103,US,00:41:16,8.4,07/03/2023 18:35:00,12,10.04,0,0,17.48,27.52,12.44,10.48,6.13,13.54,7,9.81,0,0,0,0,0,0,0,0,0,0,0,0,0,0,0,0,0,0,0,0,0,0,0,0,43.46,15.940000000000001
Little Caesars (4310 Genesee),"Wilts Pl, San Diego, CA 92117-4036, US",Wilts Pl,San Diego,CA,92117,US,00:12:13,1.8,07/03/2023 18:04:00,6,3.67,0.44,0.44,0,4.11,11.77,0,7.66,0,0,0,0,0,0,0,0,0,0,0,0,0,0,0,0,0,0,0,0,0,0,0,0,0,0,0,11.77,7.66
Subway (3089 Clairemont Dr Ste D),"Mount la Platta Dr, San Diego, CA 92117-3038, US",Mount la Platta Dr,San Diego,CA,92117,US,00:20:22,4,07/03/2023 17:47:00,6,5.12,0.68,0.68,4.21,10.01,9.46,4.21,3.66,0,0,0,0,0,0,0,0,0,0,0,0,0,0,0,0,0,0,0,0,0,0,0,0,0,0,0,13.670000000000002,3.66
Subway (3089 Clairemont Dr Ste D),"Mount la Platta Dr, San Diego, CA 92117-3038, US",Mount la Platta Dr,San Diego,CA,92117,US,00:20:22,4,07/03/2023 17:47:00,6,5.12,0.68,0.68,4.21,10.01,9.46,4.21,3.66,0,0,0,0,0,0,0,0,0,0,0,0,0,0,0,0,0,0,0,0,0,0,0,0,0,0,0,13.670000000000002,3.66
Convoy Tofu House,"6th Ave, San Diego, CA 92101-7026, US",6th Ave,San Diego,CA,92101,US,00:34:01,9.2,08/05/2023 16:44:00,6,12.07,0,0,1,13.07,24.43,1,12.36,0,0,0,0,0,0,0,0,0,0,0,0,0,0,0,0,0,0,0,0,0,0,0,0,0,0,0,25.43,12.36
Elijah's,"Burgener Blvd, San Diego, CA 92110-1103, US",Burgener Blvd,San Diego,CA,92110,US,00:32:59,7.6,07/03/2023 17:03:00,6,8.06,0.95,0.95,12.62,21.63,22.26,12.62,13.25,0,0,0,0,0,0,0,0,0,0,0,0,0,0,0,0,0,0,0,0,0,0,0,0,0,0,0,34.88,13.25
Coco Ichibanya Curry House (San Diego),"Pacific Hwy, San Diego, CA 92101-1128, US",Pacific Hwy,San Diego,CA,92101,US,00:33:21,12.6,07/03/2023 11:23:00,3,8.52,0,0,6.56,15.08,22.15,6.56,13.63,0,0,0,0,0,0,0,0,0,0,0,0,0,0,0,0,0,0,0,0,0,0,0,0,0,0,0,28.709999999999997,13.63
Din Tai Fung (San Diego),"Ocean Front, Del Mar, CA 92014-2125, US",Ocean Front,Del Mar,CA,92014,US,00:36:02,9.6,07/16/2023 19:02:00,6,7.13,0,0,20,27.13,24.63,20,17.5,0,0,0,0,0,0,0,0,0,0,0,0,0,0,0,0,0,0,0,0,0,0,0,0,0,0,0,44.629999999999995,17.5
Din Tai Fung (San Diego),"Silverwind Dr, San Diego, CA 92127, US",Silverwind Dr,San Diego,CA,92127,US,00:48:54,18.6,07/16/2023 17:35:00,6,10.03,0,0,35,45.03,26.89,35,16.86,0,0,0,0,0,0,0,0,0,0,0,0,0,0,0,0,0,0,0,0,0,0,0,0,0,0,0,61.89,16.86
Aaharn at University City,"Toscana Way, San Diego, CA 92122, US",Toscana Way,San Diego,CA,92122,US,00:22:51,5.7,07/16/2023 16:48:00,6,4.63,0,0,7.49,12.12,11.69,7.49,7.06,0,0,0,0,0,0,0,0,0,0,0,0,0,0,0,0,0,0,0,0,0,0,0,0,0,0,0,19.18,7.06
Kyodong Noodles (Balboa),"Enders Ave, San Diego, CA 92122-2807, US",Enders Ave,San Diego,CA,92122,US,00:23:04,5.1,07/16/2023 16:24:00,1,4.07,0,0,3,7.07,10.26,3,6.19,0,0,0,0,0,0,0,0,0,0,0,0,0,0,0,0,0,0,0,0,0,0,0,0,0,0,0,13.26,6.19
Dragon Chinese Cuisine,"Aero Dr, San Diego, CA 92123, US",Aero Dr,San Diego,CA,92123,US,00:35:19,5.7,07/16/2023 13:35:00,6,5.09,0,0,12.53,17.62,10.46,6.72,8.5,12.23,5.81,9.1,0,0,0,0,0,0,0,0,0,0,0,0,0,0,0,0,0,0,0,0,0,0,0,0,35.22,17.6
"El Pollo Loco (4330 Genesee Ave,3565)","Fenton Pkwy, San Diego, CA 92108, US",Fenton Pkwy,San Diego,CA,92108,US,00:43:48,10.7,07/16/2023 12:43:00,6,7.75,0,0,4,11.75,9.68,0,6.37,14.32,4,9.88,0,0,0,0,0,0,0,0,0,0,0,0,0,0,0,0,0,0,0,0,0,0,0,0,28,16.25
"Firehouse Subs (9187 Clairemont Mesa Blvd., Ste 3)","Fireway Dr, San Diego, CA 92111-4737, US",Fireway Dr,San Diego,CA,92111,US,00:29:02,7.3,07/16/2023 12:09:00,3,4.6,0,0,5,9.6,19.7,5,15.1,0,0,0,0,0,0,0,0,0,0,0,0,0,0,0,0,0,0,0,0,0,0,0,0,0,0,0,24.7,15.1
The Coffee Bean & Tea Leaf (9343 Clairemont MesaBlvd),"Guisante Ter, San Diego, CA 92124, US",Guisante Ter,San Diego,CA,92124,US,00:22:02,4.2,07/16/2023 11:46:00,6,5.18,0,0,7.52,12.7,9.75,4.52,8.09,7.52,3,4,0,0,0,0,0,0,0,0,0,0,0,0,0,0,0,0,0,0,0,0,0,0,0,0,24.79,12.09
The Taco Stand (Convoy St),"Ronson Rd, San Diego, CA 92111-1911, US",Ronson Rd,San Diego,CA,92111,US,00:14:48,1.1,08/05/2023 16:31:00,1,2.76,0,0,4,6.76,8.64,4,5.88,0,0,0,0,0,0,0,0,0,0,0,0,0,0,0,0,0,0,0,0,0,0,0,0,0,0,0,12.64,5.88
Filippis Pizza Grotto Mission Gorge,"Maryland Ave, La Mesa, CA 91942, US",Maryland Ave,La Mesa,CA,91942,US,00:37:51,12.2,07/15/2023 19:31:00,12,8.01,0,0,8,16.01,9.18,3,5.17,8.42,5,4.42,0,0,0,0,0,0,0,0,0,0,0,0,0,0,0,0,0,0,0,0,0,0,0,0,25.6,9.59
The Taco Stand (Convoy St),"Mission Gorge Pl apt 130, San Diego, CA 92120, USA",Mission Gorge Pl apt 130,San Diego,CA,92120,USA,00:25:23,8.4,07/15/2023 19:05:00,6,6.03,0,0,4,10.03,12.95,4,6.92,0,0,0,0,0,0,0,0,0,0,0,0,0,0,0,0,0,0,0,0,0,0,0,0,0,0,0,16.95,6.92
Pick Up Stix - Mission Valley,"A St, San Diego, CA 92102-2420, US",A St,San Diego,CA,92102,US,00:26:15,12.1,07/15/2023 18:21:00,6,5.4,0,0,4.64,10.04,11.91,4.64,6.51,0,0,0,0,0,0,0,0,0,0,0,0,0,0,0,0,0,0,0,0,0,0,0,0,0,0,0,16.55,6.51
The Taco Stand (Convoy St),"Camino de la Reina, San Diego, CA 92108, US",Camino de la Reina,San Diego,CA,92108,US,00:43:21,14.1,07/15/2023 17:41:00,6,5.03,0,0,6.49,11.52,13.81,6.49,8.78,0,0,0,0,0,0,0,0,0,0,0,0,0,0,0,0,0,0,0,0,0,0,0,0,0,0,0,20.3,8.78
Hui Lau Shan (San Diego),"Miller St, San Diego, CA 92103, US",Miller St,San Diego,CA,92103,US,00:28:14,8.1,07/14/2023 19:25:00,6,5.65,0,0,5,10.65,20.99,5,15.34,0,0,0,0,0,0,0,0,0,0,0,0,0,0,0,0,0,0,0,0,0,0,0,0,0,0,0,25.99,15.34
Chopstix,"Balboa Ave, San Diego, CA 92111, US",Balboa Ave,San Diego,CA,92111,US,00:08:05,0.5,07/14/2023 19:15:00,6,2.4,0,0,5.47,7.87,11.62,5.47,9.22,0,0,0,0,0,0,0,0,0,0,0,0,0,0,0,0,0,0,0,0,0,0,0,0,0,0,0,17.09,9.22
Regents Pizzeria,"Villa La Jolla Dr, La Jolla, CA 92037-1917, US",Villa La Jolla Dr,La Jolla,CA,92037,US,00:15:14,1.7,07/14/2023 18:17:00,6,3.28,0,0,6,9.28,22.14,6,18.86,0,0,0,0,0,0,0,0,0,0,0,0,0,0,0,0,0,0,0,0,0,0,0,0,0,0,0,28.14,18.86
"Panda Express (4545 La Jolla Village Dr.,)","Miramar St, La Jolla, CA 92037, US",Miramar St,La Jolla,CA,92037,US,00:38:04,4.1,07/14/2023 17:33:00,12,9.01,0,0,4,13.01,12.77,2,7.81,12.44,2,8.39,0,0,0,0,0,0,0,0,0,0,0,0,0,0,0,0,0,0,0,0,0,0,0,0,29.21,16.2
Sushi Kuchi,"Camino Glorita, San Diego, CA 92122, US",Camino Glorita,San Diego,CA,92122,US,00:25:04,8,07/14/2023 17:07:00,6,5.06,0,0,9.75,14.81,14.3,9.75,9.24,0,0,0,0,0,0,0,0,0,0,0,0,0,0,0,0,0,0,0,0,0,0,0,0,0,0,0,24.05,9.24
The Taco Stand (Convoy St),"Lebon Dr, San Diego, CA 92122, US",Lebon Dr,San Diego,CA,92122,US,00:22:11,8.8,07/14/2023 16:16:00,1,10.62,0,0,4,14.62,16.22,4,5.6,0,0,0,0,0,0,0,0,0,0,0,0,0,0,0,0,0,0,0,0,0,0,0,0,0,0,0,20.22,5.6
Village Indian Cuisine,"Montessa St, San Diego, CA 92124, US",Montessa St,San Diego,CA,92124,US,00:27:44,8.1,08/04/2023 18:51:00,12,6.36,0,0,8.51,14.87,9.34,7.51,7.23,7.15,1,2.9,0,0,0,0,0,0,0,0,0,0,0,0,0,0,0,0,0,0,0,0,0,0,0,0,25,10.13
Coco Ichibanya Curry House (San Diego),"Old Quarry Rd, San Diego, CA 92108, US",Old Quarry Rd,San Diego,CA,92108,US,00:22:11,5,07/13/2023 19:03:00,6,5.14,0,0,8,13.14,12.12,8,6.98,0,0,0,0,0,0,0,0,0,0,0,0,0,0,0,0,0,0,0,0,0,0,0,0,0,0,0,20.119999999999997,6.98
Manna Heaven BBQ - Convoy,"Station Village Ln, San Diego, CA 92108, US",Station Village Ln,San Diego,CA,92108,US,00:36:45,5.8,07/13/2023 18:03:00,6,6.02,0,0,10.57,16.59,14.89,10.57,8.87,0,0,0,0,0,0,0,0,0,0,0,0,0,0,0,0,0,0,0,0,0,0,0,0,0,0,0,25.46,8.87
Ototo Sushi Co. (Balboa),"Parker Pl, San Diego, CA 92109-5242, US",Parker Pl,San Diego,CA,92109,US,00:49:43,9.1,07/13/2023 16:34:00,12,10.11,0,0,10.43,20.54,12.81,5,7.78,10.48,5.43,5.4,0,0,0,0,0,0,0,0,0,0,0,0,0,0,0,0,0,0,0,0,0,0,0,0,33.72,13.18
Ototo Sushi Co. (Balboa),"Parker Pl, San Diego, CA 92109-5242, US",Parker Pl,San Diego,CA,92109,US,00:49:43,9.1,07/13/2023 16:34:00,12,10.11,0,0,10.43,20.54,12.81,5,7.78,10.48,5.43,5.4,0,0,0,0,0,0,0,0,0,0,0,0,0,0,0,0,0,0,0,0,0,0,0,0,33.72,13.18
Pesto Italian Craft Kitchen,"Ambrosia Dr, San Diego, CA 92124, US",Ambrosia Dr,San Diego,CA,92124,US,00:31:25,4.7,07/12/2023 12:31:00,3,4.65,0,0,5,9.65,17.08,5,12.43,0,0,0,0,0,0,0,0,0,0,0,0,0,0,0,0,0,0,0,0,0,0,0,0,0,0,0,22.08,12.43
Mendocino Farms,"Mission Valley Rd, San Diego, CA 92108, USA",Mission Valley Rd,San Diego,CA,92108,USA,00:43:10,1.6,07/12/2023 11:29:00,3,3.66,0,0,7.66,11.32,10.16,7.66,6.5,0,0,0,0,0,0,0,0,0,0,0,0,0,0,0,0,0,0,0,0,0,0,0,0,0,0,0,17.82,6.5
Grater Grilled Cheese - Mission Valley,"Camino del Rio S, San Diego, CA 92108, US",Camino del Rio S,San Diego,CA,92108,US,00:33:39,6,07/11/2023 12:03:00,3,3.95,0,0,4.27,8.22,9.18,4.27,5.23,0,0,0,0,0,0,0,0,0,0,0,0,0,0,0,0,0,0,0,0,0,0,0,0,0,0,0,13.45,5.23
Tender Greens,"Mission Valley Rd, San Diego, CA 92108, US",Mission Valley Rd,San Diego,CA,92108,US,00:56:49,10,07/11/2023 11:09:00,9,7.89,0,0,44.25,52.14,8.77,15,5.1,14.96,27.25,12.63,13.4,2,11.51,0,0,0,0,0,0,0,0,0,0,0,0,0,0,0,0,0,0,0,0,0,81.38000000000001,29.240000000000002
The Taco Stand (Convoy St),"Mission Village Dr, San Diego, CA 92123-3635, US",Mission Village Dr,San Diego,CA,92123,US,00:35:09,9.1,07/23/2023 19:09:00,12,10.38,0,0,8.7,19.08,12.61,5.7,6.27,11.34,3,7.3,0,0,0,0,0,0,0,0,0,0,0,0,0,0,0,0,0,0,0,0,0,0,0,0,32.65,13.57
Porkyland - Torrey Hills,"Mensha Pl, San Diego, CA 92130, US",Mensha Pl,San Diego,CA,92130,US,00:19:52,5.5,07/23/2023 18:36:00,6,4.26,0,0,8.61,12.87,15.26,8.61,11,0,0,0,0,0,0,0,0,0,0,0,0,0,0,0,0,0,0,0,0,0,0,0,0,0,0,0,23.869999999999997,11
Tigris Mediterranean Grille,"Viacha Dr, San Diego, CA 92124, US",Viacha Dr,San Diego,CA,92124,US,00:36:05,5.8,08/04/2023 18:00:00,12,6.73,0,0,14.48,21.21,10.74,7.45,8.16,10.99,7.03,6.84,0,0,0,0,0,0,0,0,0,0,0,0,0,0,0,0,0,0,0,0,0,0,0,0,36.21,15
Kyodong Noodles (Balboa),"Cherry Hill Dr, San Diego, CA 92130-6936, US",Cherry Hill Dr,San Diego,CA,92130,US,00:21:15,11.1,07/23/2023 18:16:00,6,6,0,0,8.28,14.28,16.1,8.28,10.1,0,0,0,0,0,0,0,0,0,0,0,0,0,0,0,0,0,0,0,0,0,0,0,0,0,0,0,24.380000000000003,10.1
RakiRaki - Convoy,"Kansas St, San Diego, CA 92104-1208, US",Kansas St,San Diego,CA,92104,US,00:20:06,7.4,07/23/2023 17:38:00,6,4.85,0,0,5.57,10.42,11.46,5.57,6.61,0,0,0,0,0,0,0,0,0,0,0,0,0,0,0,0,0,0,0,0,0,0,0,0,0,0,0,17.03,6.61
Sushi Kuchi,"Old Bridgeport Way, San Diego, CA 92111-7737, US",Old Bridgeport Way,San Diego,CA,92111,US,00:14:38,3.2,07/23/2023 17:20:00,6,3.45,0,0,13.58,17.03,13.87,13.58,10.42,0,0,0,0,0,0,0,0,0,0,0,0,0,0,0,0,0,0,0,0,0,0,0,0,0,0,0,27.45,10.42
Mendocino Farms,"Spectrum Center Blvd, San Diego, CA 92123, USA",Spectrum Center Blvd,San Diego,CA,92123,USA,00:41:06,7.9,07/18/2023 12:01:00,6,7.62,0,0,11.25,18.87,9.48,4.25,6.5,9.96,7,5.32,0,0,0,0,0,0,0,0,0,0,0,0,0,0,0,0,0,0,0,0,0,0,0,0,30.69,11.82
Tender Greens (1640 Camino del Rio N. Suite FS-7),"Sky Park Ct, San Diego, CA 92123-4340, US",Sky Park Ct,San Diego,CA,92123,US,00:32:32,8.9,07/18/2023 11:22:00,6,6.48,0,0,15.03,21.51,12.43,4.41,8.16,8.76,10.62,6.55,0,0,0,0,0,0,0,0,0,0,0,0,0,0,0,0,0,0,0,0,0,0,0,0,36.22,14.71
Tender Greens (1640 Camino del Rio N. Suite FS-7),"Sky Park Ct, San Diego, CA 92123-4340, US",Sky Park Ct,San Diego,CA,92123,US,00:32:32,8.9,07/18/2023 11:22:00,6,6.48,0,0,15.03,21.51,12.43,4.41,8.16,8.76,10.62,6.55,0,0,0,0,0,0,0,0,0,0,0,0,0,0,0,0,0,0,0,0,0,0,0,0,36.22,14.71
Jamba (10724 Westview Pkwy.),"Caminito Arcada, San Diego, CA 92131, US",Caminito Arcada,San Diego,CA,92131,US,00:21:34,3.7,07/30/2023 19:46:00,6,4.75,0,0,5.83,10.58,16.42,5.83,11.67,0,0,0,0,0,0,0,0,0,0,0,0,0,0,0,0,0,0,0,0,0,0,0,0,0,0,0,22.25,11.67
"bb.q Chicken Convoy, CA","Jake Ln, San Diego, CA 92126, US",Jake Ln,San Diego,CA,92126,US,00:38:18,13.1,07/30/2023 19:12:00,12,11.24,0,0,12.46,23.7,24.61,5.46,21.05,20.28,7,12.6,0,0,0,0,0,0,0,0,0,0,0,0,0,0,0,0,0,0,0,0,0,0,0,0,57.35,33.65
Sushi Kuchi,"Regents Rd, San Diego, CA 92122, US",Regents Rd,San Diego,CA,92122,US,00:42:21,8.6,07/30/2023 18:07:00,12,9.97,0,0,7.03,17,10.05,5.03,4.47,12.1,2,7.71,0,0,0,0,0,0,0,0,0,0,0,0,0,0,0,0,0,0,0,0,0,0,0,0,29.18,12.18
Panda Express (5407 Balboa Ave Suite 460),"1/2 Famosa Blvd, San Diego, CA 92107, USA",1/2 Famosa Blvd,San Diego,CA,92107,USA,00:34:57,9.4,07/30/2023 17:16:00,12,6.64,0,0,18.01,24.65,17.68,10,13.7,10.99,8.01,8.33,0,0,0,0,0,0,0,0,0,0,0,0,0,0,0,0,0,0,0,0,0,0,0,0,46.68,22.03
Spitfire Tacos (Scripps Ranch),"Danielson St, Poway, CA 92064, US",Danielson St,Poway,CA,92064,US,00:23:31,8.1,08/04/2023 17:17:00,6,5.58,0,0,3,8.58,7.54,3,1.96,0,0,0,0,0,0,0,0,0,0,0,0,0,0,0,0,0,0,0,0,0,0,0,0,0,0,0,10.54,1.96
The Taco Stand (Convoy St),"Reed Ave, San Diego, CA 92109, US",Reed Ave,San Diego,CA,92109,US,00:27:12,5.9,07/30/2023 16:41:00,6,5.84,0,0,6.92,12.76,18.36,6.92,12.52,0,0,0,0,0,0,0,0,0,0,0,0,0,0,0,0,0,0,0,0,0,0,0,0,0,0,0,25.28,12.52
Extraordinary Desserts,"Camino De la Reina, San Diego, CA 92108, US",Camino De la Reina,San Diego,CA,92108,US,00:19:56,7.6,07/29/2023 19:47:00,6,5.04,0,0,14.42,19.46,18.9,14.42,13.86,0,0,0,0,0,0,0,0,0,0,0,0,0,0,0,0,0,0,0,0,0,0,0,0,0,0,0,33.32,13.86
Koon Thai kitchen,"Union St, San Diego, CA 92101-3434, US",Union St,San Diego,CA,92101,US,00:42:14,10.8,07/29/2023 18:53:00,12,11.41,0,0,16.32,27.73,11.12,5.85,3.9,20.24,10.47,16.05,0,0,0,0,0,0,0,0,0,0,0,0,0,0,0,0,0,0,0,0,0,0,0,0,47.68,19.95
RakiRaki - Convoy,"Tait St, San Diego, CA 92111, US",Tait St,San Diego,CA,92111,US,00:28:22,3.9,07/29/2023 18:17:00,12,6.02,0,0,4,10.02,8.99,3,5.13,5.65,1,3.49,0,0,0,0,0,0,0,0,0,0,0,0,0,0,0,0,0,0,0,0,0,0,0,0,18.64,8.620000000000001
The Public House,"Wyandotte Ave, San Diego, CA 92117-1654, US",Wyandotte Ave,San Diego,CA,92117,US,00:30:59,7.4,07/29/2023 17:40:00,6,6.62,0,0,15.62,22.24,20.03,15.62,13.41,0,0,0,0,0,0,0,0,0,0,0,0,0,0,0,0,0,0,0,0,0,0,0,0,0,0,0,35.65,13.41
Leucadia Pizzeria (University City/ La Jolla),"Kolmar St, La Jolla, CA 92037-6013, US",Kolmar St,La Jolla,CA,92037,US,00:31:38,6.7,07/29/2023 17:05:00,6,7.63,0,0,3,10.63,14.54,3,6.91,0,0,0,0,0,0,0,0,0,0,0,0,0,0,0,0,0,0,0,0,0,0,0,0,0,0,0,17.54,6.91
The Taco Stand (Convoy St),"Palmilla Dr, 聖 地 牙 哥, CA 92122, US",Palmilla Dr,聖 地 牙 哥,CA,92122,US,00:51:59,9.5,07/29/2023 16:15:00,12,8.55,0,0,9.6,18.15,14.24,5.6,8.8,12.87,4,9.76,0,0,0,0,0,0,0,0,0,0,0,0,0,0,0,0,0,0,0,0,0,0,0,0,36.709999999999994,18.560000000000002
Rasraj,"Cassowary Ct, San Diego, CA 92131-3604, US",Cassowary Ct,San Diego,CA,92131,US,00:21:36,7.9,07/28/2023 18:38:00,6,8.56,0,0,0,8.56,0,0,0,0,0,0,0,0,0,0,0,0,0,0,0,0,0,0,0,0,0,0,0,0,0,0,0,0,0,0,0,0
Starbucks (4144 University Ave.),"38th St, San Diego, CA 92105, US",38th St,San Diego,CA,92105,US,00:23:26,0.9,07/28/2023 14:25:00,1,2.79,0,0,0,2.79,0,0,0,0,0,0,0,0,0,0,0,0,0,0,0,0,0,0,0,0,0,0,0,0,0,0,0,0,0,0,0,0
Mendocino Farms - Mission Valley,"Temprano Ct, San Diego, CA 92124, US",Temprano Ct,San Diego,CA,92124,US,00:25:17,8.5,07/28/2023 12:50:00,3,5.59,0,0,0,5.59,0,0,0,0,0,0,0,0,0,0,0,0,0,0,0,0,0,0,0,0,0,0,0,0,0,0,0,0,0,0,0,0
Buga Korean BBQ Restaurant,"Caminito Alegra, San Diego, CA 92131, USA",Caminito Alegra,San Diego,CA,92131,USA,00:44:25,13.2,08/04/2023 16:27:00,6,8.04,0,0,8,16.04,21.16,8,13.12,0,0,0,0,0,0,0,0,0,0,0,0,0,0,0,0,0,0,0,0,0,0,0,0,0,0,0,29.16,13.12
Corner Bakery (1025 Camino De Reina),"Aero Dr, San Diego, CA 92123-1735, US",Aero Dr,San Diego,CA,92123,US,00:23:51,4.7,07/28/2023 12:09:00,3,4.3,0,0,3.63,7.93,9.28,3.63,4.98,0,0,0,0,0,0,0,0,0,0,0,0,0,0,0,0,0,0,0,0,0,0,0,0,0,0,0,12.91,4.98
"Qdoba Mexican Eats (1620C Camino De La Reina, SuiteE-3)","San Dimas Ave, San Diego, CA 92111-6832, US",San Dimas Ave,San Diego,CA,92111,US,00:20:54,5.8,07/28/2023 11:36:00,3,5.81,0,0,0,5.81,12.87,0,7.06,0,0,0,0,0,0,0,0,0,0,0,0,0,0,0,0,0,0,0,0,0,0,0,0,0,0,0,12.87,7.06
The Taco Stand (Convoy St),"Costa Verde Blvd, San Diego, CA 92122, US",Costa Verde Blvd,San Diego,CA,92122,US,00:30:12,6.7,07/27/2023 19:38:00,12,8.64,0,0,7,15.64,13.85,2,8.84,13.83,5,10.2,0,0,0,0,0,0,0,0,0,0,0,0,0,0,0,0,0,0,0,0,0,0,0,0,34.68,19.04
Padadak Korean Chicken (Scripps Poway),"Temple St, Poway, CA 92064, USA",Temple St,Poway,CA,92064,USA,00:27:45,8.4,07/27/2023 18:21:00,6,5.52,0,0,0,5.52,0,0,0,0,0,0,0,0,0,0,0,0,0,0,0,0,0,0,0,0,0,0,0,0,0,0,0,0,0,0,0,0
Submarine Crab,"Arroyo Grande Rd, San Diego, CA 92129, USA",Arroyo Grande Rd,San Diego,CA,92129,USA,00:33:49,15.9,07/27/2023 17:33:00,6,8.4,0,0,9.23,17.63,19.35,9.23,10.95,0,0,0,0,0,0,0,0,0,0,0,0,0,0,0,0,0,0,0,0,0,0,0,0,0,0,0,28.580000000000002,10.95
Chick-fil-A (5323 Mission Center Rd),"Greyling Dr, San Diego, CA 92123-2938, US",Greyling Dr,San Diego,CA,92123,US,00:19:25,3.4,07/27/2023 12:14:00,3,4.19,0,0,6,10.19,14.85,6,10.66,0,0,0,0,0,0,0,0,0,0,0,0,0,0,0,0,0,0,0,0,0,0,0,0,0,0,0,20.85,10.66
"Qdoba Mexican Eats (1620C Camino De La Reina, SuiteE-3)","Hotel Cir S, San Diego, CA 92108, US",Hotel Cir S,San Diego,CA,92108,US,00:30:08,3.9,07/27/2023 11:32:00,6,6.08,0,0,43.23,49.31,16.27,37.73,12.41,11.32,5.5,9.1,0,0,0,0,0,0,0,0,0,0,0,0,0,0,0,0,0,0,0,0,0,0,0,0,70.82,21.509999999999998
Mendocino Farms - Mission Valley,"Alabama St, San Diego, CA 92116, USA",Alabama St,San Diego,CA,92116,USA,00:13:56,3.1,07/26/2023 12:35:00,3,3.17,0,0,10.46,13.63,14.6,10.46,11.43,0,0,0,0,0,0,0,0,0,0,0,0,0,0,0,0,0,0,0,0,0,0,0,0,0,0,0,25.060000000000002,11.43
Adam's Wine & Spirits,"Ruffin Rd, San Diego, CA 92123, USA",Ruffin Rd,San Diego,CA,92123,USA,00:20:17,8.7,07/26/2023 11:42:00,3,6.59,0,0,9.5,16.09,12.51,9.5,5.92,0,0,0,0,0,0,0,0,0,0,0,0,0,0,0,0,0,0,0,0,0,0,0,0,0,0,0,22.009999999999998,5.92
Chipotle Mexican Grill (1025 Camino De La Reina Ste 2),"Mississippi St, San Diego, CA 92116, US",Mississippi St,San Diego,CA,92116,US,00:16:02,2.5,07/26/2023 11:26:00,3,3.95,0,0,5.19,9.14,15.15,5.19,11.2,0,0,0,0,0,0,0,0,0,0,0,0,0,0,0,0,0,0,0,0,0,0,0,0,0,0,0,20.34,11.2
MAC Cosmetics Fashion Valley,"Lariat Dr, Santee, CA 92071, USA",Lariat Dr,Santee,CA,92071,USA,01:02:00,19.3,08/04/2023 10:50:00,6,39.04,0,0,8.25,47.29,44.73,0,9.73,15.2,8.25,11.16,0,0,0,0,0,0,0,0,0,0,0,0,0,0,0,0,0,0,0,0,0,0,0,0,68.17999999999999,20.89
Tender Greens (1640 Camino del Rio N. Suite FS-7),"Carthage St, San Diego, CA 92120, USA",Carthage St,San Diego,CA,92120,USA,00:34:21,7,07/25/2023 12:48:00,6,5.22,0,0,11.17,16.39,17.48,5.56,15.13,10.93,5.61,8.06,0,0,0,0,0,0,0,0,0,0,0,0,0,0,0,0,0,0,0,0,0,0,0,0,39.58,23.19
Waba Grill - San Diego (Clairemont Mesa Blvd),"Complex St, San Diego, CA 92123-1118, US",Complex St,San Diego,CA,92123,US,00:15:05,1.8,07/25/2023 11:44:00,3,2.88,0,0,4.03,6.91,7.7,4.03,4.82,0,0,0,0,0,0,0,0,0,0,0,0,0,0,0,0,0,0,0,0,0,0,0,0,0,0,0,11.73,4.82
Mendocino Farms,"Chesapeake Dr #116, San Diego, CA 92123, USA",Chesapeake Dr #116,San Diego,CA,92123,USA,00:32:21,10.9,07/25/2023 11:12:00,6,8.67,0,0,20.59,29.26,10.06,13,4.98,10.58,7.59,6.99,0,0,0,0,0,0,0,0,0,0,0,0,0,0,0,0,0,0,0,0,0,0,0,0,41.230000000000004,11.97
P.F. Chang's (La Jolla),"Kolmar St, La Jolla, CA 92037-6013, US",Kolmar St,La Jolla,CA,92037,US,00:29:08,7.3,07/24/2023 19:38:00,6,6.52,0,0,0,6.52,0,0,0,0,0,0,0,0,0,0,0,0,0,0,0,0,0,0,0,0,0,0,0,0,0,0,0,0,0,0,0,0
Dave's Hot Chicken (Mira Mesa),"Carmel Creek Rd, San Diego, CA 92130-6601, US",Carmel Creek Rd,San Diego,CA,92130,US,00:39:20,11.6,07/24/2023 18:13:00,6,8.08,0,0,10,18.08,23.57,10,15.49,0,0,0,0,0,0,0,0,0,0,0,0,0,0,0,0,0,0,0,0,0,0,0,0,0,0,0,33.57,15.49
The Taco Stand (Convoy St),"Camino Ruiz, San Diego, CA 92126, US",Camino Ruiz,San Diego,CA,92126,US,00:28:09,9.7,07/24/2023 17:27:00,6,6.23,0,0,4,10.23,11.19,4,4.96,0,0,0,0,0,0,0,0,0,0,0,0,0,0,0,0,0,0,0,0,0,0,0,0,0,0,0,15.19,4.96
Crab Town,"Martindale Ct, San Diego, CA 92123-3235, US",Martindale Ct,San Diego,CA,92123,US,00:25:02,5.3,07/24/2023 16:41:00,6,5.13,0,0,7.12,12.25,12.54,7.12,7.41,0,0,0,0,0,0,0,0,0,0,0,0,0,0,0,0,0,0,0,0,0,0,0,0,0,0,0,19.66,7.41
7-Eleven (7750 Starling Dr),"Twain Ave, San Diego, CA 92120-3404, US",Twain Ave,San Diego,CA,92120,US,00:33:10,10.3,06/11/2023 19:15:00,12,9.95,0,0,6.73,16.68,13.13,3.73,5.81,7,3,4.37,0,0,0,0,0,0,0,0,0,0,0,0,0,0,0,0,0,0,0,0,0,0,0,0,26.86,10.18
Buffalo Wing Star,"Linda Vista Rd, San Diego, CA 92110, US",Linda Vista Rd,San Diego,CA,92110,US,00:11:12,3.3,06/11/2023 18:58:00,6,3.93,0,0,5.1,9.03,9.85,5.1,5.92,0,0,0,0,0,0,0,0,0,0,0,0,0,0,0,0,0,0,0,0,0,0,0,0,0,0,0,14.95,5.92
formoosa,"Kearny Villa Ln, San Diego, CA 92123, US",Kearny Villa Ln,San Diego,CA,92123,US,00:11:54,2.1,06/11/2023 18:44:00,6,3.42,0,0,7.07,10.49,7.71,7.07,4.29,0,0,0,0,0,0,0,0,0,0,0,0,0,0,0,0,0,0,0,0,0,0,0,0,0,0,0,14.780000000000001,4.29
Round Table Pizza (10415 Tierrasanta Blvd),"Maya Linda Rd, San Diego, CA 92126, US",Maya Linda Rd,San Diego,CA,92126,US,00:34:06,12.5,08/03/2023 19:01:00,12,12.43,0,0,7,19.43,10.85,7,9.84,17.86,0,6.44,0,0,0,0,0,0,0,0,0,0,0,0,0,0,0,0,0,0,0,0,0,0,0,0,35.71,16.28
Submarine Crab,"Salerno St, San Diego, CA 92111, US",Salerno St,San Diego,CA,92111,US,00:17:55,2.5,06/11/2023 18:15:00,6,3,0,0,0,3,0,0,0,0,0,0,0,0,0,0,0,0,0,0,0,0,0,0,0,0,0,0,0,0,0,0,0,0,0,0,0,0
RakiRaki - Convoy,"Dana Landing Rd, San Diego, CA 92109, US",Dana Landing Rd,San Diego,CA,92109,US,01:24:00,21.5,06/11/2023 16:33:00,18,18.55,0,0,12.49,31.04,15.29,0,11.4,14.07,7.99,5.54,9.3,4.5,3.17,0,0,0,0,0,0,0,0,0,0,0,0,0,0,0,0,0,0,0,0,0,51.150000000000006,20.11
Rubio's Coastal Grill (7420 Clairemont Mesa Blvd),"Angelucci St, San Diego, CA 92111-4435, US",Angelucci St,San Diego,CA,92111,US,00:13:53,4.1,06/11/2023 16:23:00,1,5.06,0,0,4.51,9.57,8.35,4.51,3.29,0,0,0,0,0,0,0,0,0,0,0,0,0,0,0,0,0,0,0,0,0,0,0,0,0,0,0,12.86,3.29
Wendy's (4770 CONVOY ST.),"Repecho Dr, San Diego, CA 92124, US",Repecho Dr,San Diego,CA,92124,US,00:11:39,3.7,06/11/2023 16:06:00,1,4.54,0,0,1,5.54,11.24,1,6.7,0,0,0,0,0,0,0,0,0,0,0,0,0,0,0,0,0,0,0,0,0,0,0,0,0,0,0,12.24,6.7
Sushi Kuchi,"Ruffin Rd, San Diego, CA 92123, US",Ruffin Rd,San Diego,CA,92123,US,00:13:28,3.4,06/10/2023 19:56:00,6,4.06,0,0,5,9.06,10.78,5,6.72,0,0,0,0,0,0,0,0,0,0,0,0,0,0,0,0,0,0,0,0,0,0,0,0,0,0,0,15.78,6.72
The Taco Stand (Convoy St),"Hurlbut St, San Diego, CA 92123, US",Hurlbut St,San Diego,CA,92123,US,00:20:17,3,06/10/2023 19:21:00,6,4.49,0,0,9.56,14.05,14.95,9.56,10.46,0,0,0,0,0,0,0,0,0,0,0,0,0,0,0,0,0,0,0,0,0,0,0,0,0,0,0,24.509999999999998,10.46
Buga Korean BBQ Restaurant,"Bloch St, San Diego, CA 92122, US",Bloch St,San Diego,CA,92122,US,00:21:34,7.2,06/10/2023 18:45:00,6,5.55,0,0,8,13.55,14.21,8,8.66,0,0,0,0,0,0,0,0,0,0,0,0,0,0,0,0,0,0,0,0,0,0,0,0,0,0,0,22.21,8.66
Chaba Thai Kitchen,"Gilman Dr, La Jolla, CA 92093, US",Gilman Dr,La Jolla,CA,92093,US,00:59:54,10.1,06/10/2023 17:36:00,18,12.31,0,0,13.07,25.38,10.72,7.07,4.28,10.09,0,7.86,10.85,6,7.21,0,0,0,0,0,0,0,0,0,0,0,0,0,0,0,0,0,0,0,0,0,44.730000000000004,19.35
Bonchon Chicken (4690 Convoy St),"San Diego Mission Rd, San Diego, CA 92108, USA",San Diego Mission Rd,San Diego,CA,92108,USA,00:29:23,6.9,06/10/2023 16:56:00,6,7.12,0,0,7.94,15.06,15.36,7.94,8.24,0,0,0,0,0,0,0,0,0,0,0,0,0,0,0,0,0,0,0,0,0,0,0,0,0,0,0,23.3,8.24
Sushi Kuchi,"Steinbeck Ave, San Diego, CA 92122-2822, US",Steinbeck Ave,San Diego,CA,92122,US,00:14:18,4.9,06/10/2023 16:25:00,1,4.38,0,0,5.07,9.45,8.42,5.07,4.04,0,0,0,0,0,0,0,0,0,0,0,0,0,0,0,0,0,0,0,0,0,0,0,0,0,0,0,13.49,4.04
Jersey Mike's Subs (San Diego),Blvd,Blvd,Haight Trl,Sa,,CA 92123-6428,00:21:18,2.3,08/03/2023 18:38:00,6,3.07,0,0,6.17,9.24,12.9,6.17,9.83,0,0,0,0,0,0,0,0,0,0,0,0,0,0,0,0,0,0,0,0,0,0,0,0,0,0,0,19.07,9.83
Regents Pizzeria,"Huntington Ave, San Diego, CA 92123, USA",Huntington Ave,San Diego,CA,92123,USA,00:44:42,14.1,06/09/2023 19:47:00,12,10.76,0,0,11.77,22.53,9.82,5.65,4.46,14.25,6.12,8.85,0,0,0,0,0,0,0,0,0,0,0,0,0,0,0,0,0,0,0,0,0,0,0,0,35.84,13.309999999999999
The Taco Stand (Convoy St),"Corte Jardin Del Mar, San Diego, CA 92130, USA",Corte Jardin Del Mar,San Diego,CA,92130,USA,00:29:58,9.1,06/09/2023 18:38:00,6,8.04,0,0,14.64,22.68,22.88,14.64,14.84,0,0,0,0,0,0,0,0,0,0,0,0,0,0,0,0,0,0,0,0,0,0,0,0,0,0,0,37.519999999999996,14.84
Tajima Mercury,"Cardinal Dr, San Diego, CA 92123-4101, US",Cardinal Dr,San Diego,CA,92123,US,00:34:56,14.5,06/09/2023 17:39:00,12,13.51,0,0,8.09,21.6,6.71,4.62,5.65,14.84,3.47,2.39,0,0,0,0,0,0,0,0,0,0,0,0,0,0,0,0,0,0,0,0,0,0,0,0,29.64,8.040000000000001
Denny's (4280 Clairemont Mesa Blvd),"Waco St, San Diego, CA 92117-6340, US",Waco St,San Diego,CA,92117,US,00:15:14,3.6,06/09/2023 17:27:00,6,4.55,0,0,3,7.55,8.44,3,3.89,0,0,0,0,0,0,0,0,0,0,0,0,0,0,0,0,0,0,0,0,0,0,0,0,0,0,0,11.44,3.89
Din Tai Fung (San Diego),"D Ave, Coronado, CA 92118, US",D Ave,Coronado,CA,92118,US,00:44:22,17.8,06/18/2023 18:09:00,6,12.59,0,0,34.01,46.6,28.56,34.01,15.97,0,0,0,0,0,0,0,0,0,0,0,0,0,0,0,0,0,0,0,0,0,0,0,0,0,0,0,62.56999999999999,15.97
Tender Greens (4545 La Jolla Village Dr. ),"Porte De Merano unit 70, San Diego, CA 92122, USA",Porte De Merano unit 70,San Diego,CA,92122,USA,00:32:04,3.8,06/18/2023 17:24:00,12,6.9,0,0,5.5,12.4,11.04,0,5.98,8.45,5.5,6.61,0,0,0,0,0,0,0,0,0,0,0,0,0,0,0,0,0,0,0,0,0,0,0,0,24.99,12.59
Pacific Catch - La Jolla,"Regents Rd, La Jolla, CA 92037-1432, US",Regents Rd,La Jolla,CA,92037,US,00:17:45,1.9,06/18/2023 17:15:00,6,3.95,0,0,5.08,9.03,11.1,5.08,7.15,0,0,0,0,0,0,0,0,0,0,0,0,0,0,0,0,0,0,0,0,0,0,0,0,0,0,0,16.18,7.15
Padadak Korean Chicken (Clairemont Mesa),"Rio San Diego Dr, サ ン ・ デ ィ エ ゴ, CA 92108, US",Rio San Diego Dr,サ ン ・ デ ィ エ ゴ,CA,92108,US,00:28:43,9.3,06/16/2023 20:16:00,12,9.03,0,0,0,9.03,7.92,0,6.25,11.2,0,3.84,0,0,0,0,0,0,0,0,0,0,0,0,0,0,0,0,0,0,0,0,0,0,0,0,19.119999999999997,10.09
Aladdin Mediterranean Restaurant,"Mission Bay Dr, San Diego, CA 92109, US",Mission Bay Dr,San Diego,CA,92109,US,00:42:16,8.3,06/16/2023 19:03:00,12,9.03,0,0,26.11,35.14,13.74,20.1,9.72,10.21,6.01,5.2,0,0,0,0,0,0,0,0,0,0,0,0,0,0,0,0,0,0,0,0,0,0,0,0,50.06,14.920000000000002
Bei Yuan Tea & Boba (Clairemont Mesa),"Sydney Ct, San Diego, CA 92122-1600, US",Sydney Ct,San Diego,CA,92122,US,00:21:54,5.8,06/16/2023 18:30:00,6,7.12,0,0,5.39,12.51,13.53,5.39,6.41,0,0,0,0,0,0,0,0,0,0,0,0,0,0,0,0,0,0,0,0,0,0,0,0,0,0,0,18.919999999999998,6.41
Carl's Jr. (9355 Clairemont Mesa Blvd),"Spectrum Center Blvd, San Diego, CA 92123, USA",Spectrum Center Blvd,San Diego,CA,92123,USA,00:16:18,3.8,08/06/2023 19:26:00,6,4.09,0,0,0,4.09,0,0,0,0,0,0,0,0,0,0,0,0,0,0,0,0,0,0,0,0,0,0,0,0,0,0,0,0,0,0,0,0
Woomiok,"Ariva Ct, San Diego, CA 92123-2232, US",Ariva Ct,San Diego,CA,92123,US,00:21:52,3.3,08/03/2023 18:12:00,6,7.03,0,0,0,7.03,0,0,0,0,0,0,0,0,0,0,0,0,0,0,0,0,0,0,0,0,0,0,0,0,0,0,0,0,0,0,0,0
Bonchon Chicken (4690 Convoy St),"Grossmont Blvd, La Mesa, CA 91941-4005, US",Grossmont Blvd,La Mesa,CA,91941,US,01:29:00,14.7,06/16/2023 16:38:00,12,11.56,0,0,11.51,23.07,7.35,6.09,5.01,17.31,5.42,8.09,0,0,0,0,0,0,0,0,0,0,0,0,0,0,0,0,0,0,0,0,0,0,0,0,36.169999999999995,13.1
Ma's House (San Diego),"Violet St, La Mesa, CA 91941-7541, US",Violet St,La Mesa,CA,91941,US,00:34:22,14.2,06/12/2023 17:21:00,6,12.07,0,0,8.45,20.52,25.55,8.45,13.48,0,0,0,0,0,0,0,0,0,0,0,0,0,0,0,0,0,0,0,0,0,0,0,0,0,0,0,34,13.48
Anjappar,"Shoshoni Ave, San Diego, CA 92117-2937, US",Shoshoni Ave,San Diego,CA,92117,US,00:36:07,12.7,06/25/2023 19:46:00,12,11.5,0,0,9,20.5,20.36,3,12.26,10.48,6,7.08,0,0,0,0,0,0,0,0,0,0,0,0,0,0,0,0,0,0,0,0,0,0,0,0,39.84,19.34
Tajima Convoy,"Aldabra Ct, San Diego, CA 92129-2102, US",Aldabra Ct,San Diego,CA,92129,US,00:28:51,14.1,06/25/2023 18:44:00,6,8.43,0,0,10,18.43,22.26,10,13.83,0,0,0,0,0,0,0,0,0,0,0,0,0,0,0,0,0,0,0,0,0,0,0,0,0,0,0,32.260000000000005,13.83
sizzling pot king,"Bayfront Ct, San Diego, CA 92101, US",Bayfront Ct,San Diego,CA,92101,US,00:26:20,10.9,06/25/2023 18:00:00,6,8.05,0,0,15.06,23.11,24.89,15.06,16.84,0,0,0,0,0,0,0,0,0,0,0,0,0,0,0,0,0,0,0,0,0,0,0,0,0,0,0,39.95,16.84
The Taco Stand (Convoy St),"Sydney Ct, San Diego, CA 92122-1600, US",Sydney Ct,San Diego,CA,92122,US,00:38:27,9.4,06/25/2023 17:02:00,12,10.06,0,0,4,14.06,13.63,2,8.98,12.55,2,7.14,0,0,0,0,0,0,0,0,0,0,0,0,0,0,0,0,0,0,0,0,0,0,0,0,30.18,16.12
Filippi's Pizza Restaurant and Bar,"Verda Ln, San Diego, CA 92130, US",Verda Ln,San Diego,CA,92130,US,00:29:52,15,06/24/2023 21:02:00,1,10.14,0,0,5.9,16.04,17.63,5.9,7.49,0,0,0,0,0,0,0,0,0,0,0,0,0,0,0,0,0,0,0,0,0,0,0,0,0,0,0,23.53,7.49
Chick-fil-A (5955 Balboa Ave),"Kearny Mesa Rd, San Diego, CA 92111, US",Kearny Mesa Rd,San Diego,CA,92111,US,00:23:52,4.4,06/24/2023 20:42:00,6,5.13,0,0,6.57,11.7,10.84,6.57,5.71,0,0,0,0,0,0,0,0,0,0,0,0,0,0,0,0,0,0,0,0,0,0,0,0,0,0,0,17.41,5.71
Sushi Kuchi,"Mission Blvd, San Diego, CA 92109, US",Mission Blvd,San Diego,CA,92109,US,00:41:56,8.8,06/24/2023 19:31:00,12,10.7,0,0,18.21,28.91,14.03,10.24,5.86,16.89,7.97,14.36,0,0,0,0,0,0,0,0,0,0,0,0,0,0,0,0,0,0,0,0,0,0,0,0,49.129999999999995,20.22
Sushi Kuchi,"Mission Blvd, San Diego, CA 92109, US",Mission Blvd,San Diego,CA,92109,US,00:41:56,8.8,06/24/2023 19:31:00,12,10.7,0,0,18.21,28.91,14.03,10.24,5.86,16.89,7.97,14.36,0,0,0,0,0,0,0,0,0,0,0,0,0,0,0,0,0,0,0,0,0,0,0,0,49.129999999999995,20.22
Sushi Kuchi,"Boundary St, San Diego, CA 92116-4307, US",Boundary St,San Diego,CA,92116,US,01:08:00,9.9,08/03/2023 16:59:00,12,9.76,0,0,21.3,31.06,17.09,14.3,9.89,14.98,7,12.42,0,0,0,0,0,0,0,0,0,0,0,0,0,0,0,0,0,0,0,0,0,0,0,0,53.370000000000005,22.310000000000002
Urban Bubble,"Caminito Cascara, San Diego, CA 92108, US",Caminito Cascara,San Diego,CA,92108,US,00:20:27,9.1,06/24/2023 18:55:00,6,7.03,0,0,8.04,15.07,15.08,8.04,8.05,0,0,0,0,0,0,0,0,0,0,0,0,0,0,0,0,0,0,0,0,0,0,0,0,0,0,0,23.119999999999997,8.05
Sushi Kuchi,"Olney St, San Diego, CA 92109, US",Olney St,San Diego,CA,92109,US,00:37:53,7.7,06/24/2023 17:45:00,12,8.76,0,0,14.32,23.08,10.18,4.33,2.9,9.47,9.99,7.99,0,0,0,0,0,0,0,0,0,0,0,0,0,0,0,0,0,0,0,0,0,0,0,0,33.97,10.89
Cali Banh Mi (Convoy St.),"Georgia St, San Diego, CA 92103-4616, US",Georgia St,San Diego,CA,92103,US,00:55:48,10.7,06/23/2023 17:35:00,18,13.38,0,0,16.29,29.67,10.19,6.61,2.81,10.17,2.18,3,8.78,7.5,7.27,0,0,0,0,0,0,0,0,0,0,0,0,0,0,0,0,0,0,0,0,0,45.43,13.08
Sushi Kuchi,"Monair Dr, San Diego, CA 92117, US",Monair Dr,San Diego,CA,92117,US,00:18:09,4,06/23/2023 17:07:00,6,5.43,0,0,5,10.43,11.28,5,5.85,0,0,0,0,0,0,0,0,0,0,0,0,0,0,0,0,0,0,0,0,0,0,0,0,0,0,0,16.28,5.85
"CAVA (3722 Paseo Place, Ste 1440)","Caminito Lazanja, San Diego, CA 92127, US",Caminito Lazanja,San Diego,CA,92127,US,00:26:13,7.9,06/22/2023 19:13:00,6,6.26,0,0,8,14.26,15.12,8,8.86,0,0,0,0,0,0,0,0,0,0,0,0,0,0,0,0,0,0,0,0,0,0,0,0,0,0,0,23.119999999999997,8.86
Shake Shack (Del Mar),"Village Center Loop Rd, San Diego, CA 92130, USA",Village Center Loop Rd,San Diego,CA,92130,USA,00:26:20,3.5,06/22/2023 18:20:00,6,5.44,0,0,7.62,13.06,3.3,0,2.11,0,0,0,0,0,0,0,0,0,0,0,0,0,0,0,0,0,0,0,0,0,0,0,0,0,0,0,3.3,2.11
Lourdes Mexican Food (Cardiff-By-The-Sea),"Caminito En Flor, Del Mar, CA 92014-3743, US",Caminito En Flor,Del Mar,CA,92014,US,00:39:03,12.4,06/22/2023 17:25:00,6,9.06,0,0,5.99,15.05,17.43,5.99,8.37,0,0,0,0,0,0,0,0,0,0,0,0,0,0,0,0,0,0,0,0,0,0,0,0,0,0,0,23.42,8.37
Submarine Crab,"Hwy 101, Solana Beach, CA 92075, USA",Hwy 101,Solana Beach,CA,92075,USA,00:37:27,15.5,06/22/2023 16:42:00,6,11.03,0,0,9.68,20.71,21.67,9.68,10.64,0,0,0,0,0,0,0,0,0,0,0,0,0,0,0,0,0,0,0,0,0,0,0,0,0,0,0,31.35,10.64
CAVA (1652 Camino Del Rio N),"32nd St, San Diego, CA 92102, US",32nd St,San Diego,CA,92102,US,00:19:34,8.7,09/04/2023 20:40:00,6,6.01,0,0,2,8.01,13.98,2,7.97,0,0,0,0,0,0,0,0,0,0,0,0,0,0,0,0,0,0,0,0,0,0,0,0,0,0,0,15.98,7.97
Buffalo Wing Star,"Finch Ln, San Diego, CA 92123-3708, US",Finch Ln,San Diego,CA,92123,US,00:12:27,4,09/04/2023 20:19:00,6,5.54,0,0,1.5,7.04,10.19,1.5,4.65,0,0,0,0,0,0,0,0,0,0,0,0,0,0,0,0,0,0,0,0,0,0,0,0,0,0,0,11.69,4.65
GuilTea Cravings,"Clairemont Dr apt 3, San Diego, CA 92117, USA",Clairemont Dr apt 3,San Diego,CA,92117,USA,00:27:51,7.4,08/03/2023 16:13:00,2,7.22,0,0,7.44,14.66,6.79,2,5.09,13.05,5.44,7.53,0,0,0,0,0,0,0,0,0,0,0,0,0,0,0,0,0,0,0,0,0,0,0,0,27.28,12.620000000000001
SandBox Pizza,"Mission Center Rd, San Diego, CA 92108, USA",Mission Center Rd,San Diego,CA,92108,USA,00:36:50,10,09/04/2023 19:31:00,6,9.28,0,0,5.77,15.05,18.32,5.77,9.04,0,0,0,0,0,0,0,0,0,0,0,0,0,0,0,0,0,0,0,0,0,0,0,0,0,0,0,24.09,9.04
Tocaya Modern Mexican (UTC La Jolla),"Bayside Walk, San Diego, CA 92109-7363, US",Bayside Walk,San Diego,CA,92109,US,00:27:08,13.6,09/04/2023 18:52:00,6,7.49,0,0,7.55,15.04,12.02,7.55,4.53,0,0,0,0,0,0,0,0,0,0,0,0,0,0,0,0,0,0,0,0,0,0,0,0,0,0,0,19.57,4.53
True Food Kitchen (Westfield UTC),"Stetson Pl, San Diego, CA 92122-2916, US",Stetson Pl,San Diego,CA,92122,US,00:18:15,2.6,09/04/2023 18:09:00,6,5.08,0,0,10.21,15.29,19.03,10.21,13.95,0,0,0,0,0,0,0,0,0,0,0,0,0,0,0,0,0,0,0,0,0,0,0,0,0,0,0,29.240000000000002,13.95
Pear's Thai Cuisine,"Bartel St, San Diego, CA 92123, USA",Bartel St,San Diego,CA,92123,USA,00:15:07,4.2,09/04/2023 17:21:00,6,3.07,0,0,4,7.07,8.59,4,5.52,0,0,0,0,0,0,0,0,0,0,0,0,0,0,0,0,0,0,0,0,0,0,0,0,0,0,0,12.59,5.52
Coco Ichibanya Curry House (San Diego),"Ruffin Rd, San Diego, CA 92123-4018, US",Ruffin Rd,San Diego,CA,92123,US,00:15:46,3.4,09/04/2023 17:01:00,6,4.6,0,0,9.34,13.94,13.31,9.34,8.71,0,0,0,0,0,0,0,0,0,0,0,0,0,0,0,0,0,0,0,0,0,0,0,0,0,0,0,22.65,8.71
The Poke Co (Mission Valley),"Columbia St, San Diego, CA 92101-1710, US",Columbia St,San Diego,CA,92101,US,00:21:13,6.3,07/31/2023 12:16:00,3,5.58,0,0,5.92,11.5,10.34,5.92,4.76,0,0,0,0,0,0,0,0,0,0,0,0,0,0,0,0,0,0,0,0,0,0,0,0,0,0,0,16.259999999999998,4.76
Cargo Cafe - Centerside,"Rio San Diego Dr, San Diego, CA 92108, US",Rio San Diego Dr,San Diego,CA,92108,US,00:18:45,5.6,07/31/2023 11:58:00,3,4.17,0,0,3,7.17,12.13,3,7.96,0,0,0,0,0,0,0,0,0,0,0,0,0,0,0,0,0,0,0,0,0,0,0,0,0,0,0,15.13,7.96
Quality Liquor Store,"Front St, San Diego, CA 92101-2918, US",Front St,San Diego,CA,92101,US,00:45:30,12.5,08/13/2023 18:33:00,12,16.11,0.41,0.41,10.76,27.28,17.48,2.9,3.84,13.87,7.86,10.99,0,0,0,0,0,0,0,0,0,0,0,0,0,0,0,0,0,0,0,0,0,0,0,0,42.11,14.83
McDonald's® (9871 Aero Dr),"Goodstone St, San Diego, CA 92111-6233, US",Goodstone St,San Diego,CA,92111,US,00:29:29,6.3,08/13/2023 18:04:00,12,7.34,0,0,11.16,18.5,15.32,6.13,11.81,9.12,5.03,5.29,0,0,0,0,0,0,0,0,0,0,0,0,0,0,0,0,0,0,0,0,0,0,0,0,35.599999999999994,17.1
Sushi Kuchi,"Murphy Canyon Rd, San Diego, CA 92123-4403, US",Murphy Canyon Rd,San Diego,CA,92123,US,00:19:54,3.7,08/13/2023 17:28:00,6,8.17,0,0,18.07,26.24,18.05,18.07,9.88,0,0,0,0,0,0,0,0,0,0,0,0,0,0,0,0,0,0,0,0,0,0,0,0,0,0,0,36.120000000000005,9.88
facing east,"Hurlbut St, San Diego, CA 92123, US",Hurlbut St,San Diego,CA,92123,US,00:15:41,2.4,08/13/2023 17:14:00,6,3.8,0,0,6.26,10.06,13.31,6.26,9.51,0,0,0,0,0,0,0,0,0,0,0,0,0,0,0,0,0,0,0,0,0,0,0,0,0,0,0,19.57,9.51
Little Caesars (1900 Main Street Suite 11),"Hotel Cir N, San Diego, CA 92108, US",Hotel Cir N,San Diego,CA,92108,US,00:26:44,9,08/12/2023 21:03:00,1,6.3,0,0,3,9.3,15.07,3,8.77,0,0,0,0,0,0,0,0,0,0,0,0,0,0,0,0,0,0,0,0,0,0,0,0,0,0,0,18.07,8.77
Submarine Crab,"Acheson St, San Diego, CA 92111, USA",Acheson St,San Diego,CA,92111,USA,00:52:19,11.5,08/06/2023 18:11:00,12,19.72,0,0,4.88,24.6,16.04,0,8.5,19.11,4.88,6.93,0,0,0,0,0,0,0,0,0,0,0,0,0,0,0,0,0,0,0,0,0,0,0,0,40.03,15.43
Paris Baguette (7655 Clairemont Mesa Blvd),"Island Ave, San Diego, CA 92101, USA",Island Ave,San Diego,CA,92101,USA,00:32:59,13.6,08/12/2023 20:37:00,6,9.01,0,0,4,13.01,25.09,4,16.08,0,0,0,0,0,0,0,0,0,0,0,0,0,0,0,0,0,0,0,0,0,0,0,0,0,0,0,29.09,16.08
Epic Wings- Kearny Mesa (Convoy),"Spectrum Center Blvd, San Diego, CA 92123, US",Spectrum Center Blvd,San Diego,CA,92123,US,00:17:15,3.3,08/12/2023 20:16:00,6,3.37,0,0,5.52,8.89,9.75,5.52,6.38,0,0,0,0,0,0,0,0,0,0,0,0,0,0,0,0,0,0,0,0,0,0,0,0,0,0,0,15.27,6.38
Havana Grill - San Diego,"Bellezza Dr, San Diego, CA 92108, US",Bellezza Dr,San Diego,CA,92108,US,00:44:15,9.8,08/12/2023 19:10:00,12,9.99,0,0,26.8,36.79,11.22,11.6,5.65,15.66,15.2,11.24,0,0,0,0,0,0,0,0,0,0,0,0,0,0,0,0,0,0,0,0,0,0,0,0,53.68,16.89
Sombrero Mexican - Lake Murray,"Edenvale Ave, La Mesa, CA 91941-5509, US",Edenvale Ave,La Mesa,CA,91941,US,00:32:49,3.5,08/12/2023 18:15:00,12,4.65,0,0,4.23,8.88,8.07,4.23,6.48,11.91,0,8.85,0,0,0,0,0,0,0,0,0,0,0,0,0,0,0,0,0,0,0,0,0,0,0,0,24.21,15.33
Coco Ichibanya Curry House (San Diego),"Baltimore Dr, La Mesa, CA 91942, US",Baltimore Dr,La Mesa,CA,91942,US,00:30:31,11.7,08/12/2023 17:50:00,6,6.57,0,0,6.48,13.05,19.2,6.48,12.63,0,0,0,0,0,0,0,0,0,0,0,0,0,0,0,0,0,0,0,0,0,0,0,0,0,0,0,25.68,12.63
The Taco Stand (Convoy St),"Balboa Ter, San Diego, CA 92117-5406, US",Balboa Ter,San Diego,CA,92117,US,00:19:00,4.2,08/12/2023 17:08:00,6,4.55,0,0,4.97,9.52,11.74,4.97,7.19,0,0,0,0,0,0,0,0,0,0,0,0,0,0,0,0,0,0,0,0,0,0,0,0,0,0,0,16.71,7.19
Del Taco (3896 Clairemont Dr | 233),"Pulitzer Pl, San Diego, CA 92122, US",Pulitzer Pl,San Diego,CA,92122,US,00:31:04,5.9,08/11/2023 20:07:00,6,5.01,0,0,5.47,10.48,14.04,5.47,9.03,0,0,0,0,0,0,0,0,0,0,0,0,0,0,0,0,0,0,0,0,0,0,0,0,0,0,0,19.509999999999998,9.03
Chick-fil-A (5955 Balboa Ave),"Vista De La Bahia, San Diego, CA 92117, USA",Vista De La Bahia,San Diego,CA,92117,USA,00:20:46,2.8,08/11/2023 19:40:00,6,5.5,0,0,1,6.5,13.36,1,7.86,0,0,0,0,0,0,0,0,0,0,0,0,0,0,0,0,0,0,0,0,0,0,0,0,0,0,0,14.36,7.86
Sushi Kuchi,"Pico St, San Diego, CA 92109-3839, US",Pico St,San Diego,CA,92109,US,00:35:28,10.5,08/11/2023 19:01:00,12,12.71,0,0,8.3,21.01,10.45,3,3.45,12.21,5.3,6.5,0,0,0,0,0,0,0,0,0,0,0,0,0,0,0,0,0,0,0,0,0,0,0,0,30.96,9.95
Luna Grill - Hillcrest,"Westover Pl, San Diego, CA 92102-1324, US",Westover Pl,San Diego,CA,92102,US,00:56:08,7.6,08/11/2023 17:56:00,12,7.89,0,0,18.58,26.47,9.57,7.35,5.81,14.64,11.23,10.51,0,0,0,0,0,0,0,0,0,0,0,0,0,0,0,0,0,0,0,0,0,0,0,0,42.790000000000006,16.32
Sushi Kuchi,"Felton St, San Diego, CA 92104-1421, US",Felton St,San Diego,CA,92104,US,00:12:55,6.5,08/06/2023 17:09:00,6,3.9,0,0,7.14,11.04,14.18,7.14,10.28,0,0,0,0,0,0,0,0,0,0,0,0,0,0,0,0,0,0,0,0,0,0,0,0,0,0,0,21.32,10.28
Panda Express (5407 Balboa Ave Suite 460),"Washington St, San Diego, CA 92103-2233, US",Washington St,San Diego,CA,92103,US,00:33:13,7.2,08/11/2023 17:22:00,12,7.59,0,0,2.28,9.87,12.21,0.28,8.41,11.41,2,7.62,0,0,0,0,0,0,0,0,0,0,0,0,0,0,0,0,0,0,0,0,0,0,0,0,25.9,16.03
Rubio's Coastal Grill (7420 Clairemont Mesa Blvd),"Beagle St, San Diego, CA 92111-4207, US",Beagle St,San Diego,CA,92111,US,00:16:48,3.7,08/11/2023 16:59:00,6,4.09,0,0,13.37,17.46,13.27,13.37,9.18,0,0,0,0,0,0,0,0,0,0,0,0,0,0,0,0,0,0,0,0,0,0,0,0,0,0,0,26.64,9.18
Urban Plates (Carlsbad),"Neptune Dr, Carlsbad, CA 92011, US",Neptune Dr,Carlsbad,CA,92011,US,00:46:59,8.1,08/10/2023 20:58:00,7,7.2,0,0,6.34,13.54,9.5,2,4.29,7.19,4.34,5.2,0,0,0,0,0,0,0,0,0,0,0,0,0,0,0,0,0,0,0,0,0,0,0,0,23.03,9.49
Oggi's Sports I Brewhouse I Pizza (Encinitas Blvd),"Willowhaven Rd, Encinitas, CA 92024, US",Willowhaven Rd,Encinitas,CA,92024,US,00:16:26,4.6,08/10/2023 20:41:00,6,4.82,0,0,12.13,16.95,17.87,12.13,13.05,0,0,0,0,0,0,0,0,0,0,0,0,0,0,0,0,0,0,0,0,0,0,0,0,0,0,0,30,13.05
Batch & Box (La Jolla),"Gardena Rd, Encinitas, CA 92024, US",Gardena Rd,Encinitas,CA,92024,US,00:23:49,14.3,08/10/2023 20:12:00,6,9.86,0,0,5.75,15.61,22.76,5.75,12.9,0,0,0,0,0,0,0,0,0,0,0,0,0,0,0,0,0,0,0,0,0,0,0,0,0,0,0,28.51,12.9
Gopuff Delivery,"Vista Sorrento Pkwy, San Diego, CA 92130, USA",Vista Sorrento Pkwy,San Diego,CA,92130,USA,00:27:47,14.3,08/10/2023 19:27:00,6,12.28,0,0,4.26,16.54,21.46,4.26,9.18,0,0,0,0,0,0,0,0,0,0,0,0,0,0,0,0,0,0,0,0,0,0,0,0,0,0,0,25.72,9.18
The Cake Korner,"Audrey Way, San Diego, CA 92129, US",Audrey Way,San Diego,CA,92129,US,00:24:31,8.7,08/10/2023 19:04:00,6,5.03,0,0,3,8.03,7.85,3,2.82,0,0,0,0,0,0,0,0,0,0,0,0,0,0,0,0,0,0,0,0,0,0,0,0,0,0,0,10.85,2.82
McDonald's (12808 RANCHO PENASQUITOSBOULEVARD),987-3744),987-3744),Gold Coast Dr,Sa,,CA 92126,00:28:18,7.9,08/10/2023 18:32:00,6,5.03,0,0,0,5.03,1.21,0,1,0,0,0,0,0,0,0,0,0,0,0,0,0,0,0,0,0,0,0,0,0,0,0,0,0,0,0,1.21,1
Coco Ichibanya Curry House (San Diego),"Oak Knoll Rd, Poway, CA 92064, US",Oak Knoll Rd,Poway,CA,92064,US,00:29:12,14.3,08/10/2023 17:35:00,6,6.33,0,0,5.73,12.06,21.12,5.73,14.79,0,0,0,0,0,0,0,0,0,0,0,0,0,0,0,0,0,0,0,0,0,0,0,0,0,0,0,26.85,14.79
Sushi Kuchi,"Sunroad Centrum Ln, San Diego, CA 92123, USA",Sunroad Centrum Ln,San Diego,CA,92123,USA,00:12:43,2.1,08/10/2023 17:12:00,6,3.28,0,0,6.54,9.82,8.54,6.54,5.26,0,0,0,0,0,0,0,0,0,0,0,0,0,0,0,0,0,0,0,0,0,0,0,0,0,0,0,15.079999999999998,5.26
Tajima Mercury,"Rancho Mission Rd, San Diego, CA 92108, US",Rancho Mission Rd,San Diego,CA,92108,US,00:18:33,5.9,08/06/2023 16:21:00,1,6.03,0,0,3.04,9.07,8.75,3.04,2.72,0,0,0,0,0,0,0,0,0,0,0,0,0,0,0,0,0,0,0,0,0,0,0,0,0,0,0,11.79,2.72
Blaze Pizza (5604 Balboa Ave),"Costa Verde Blvd, San Diego, CA 92122, US",Costa Verde Blvd,San Diego,CA,92122,US,00:26:34,5.4,08/07/2023 19:25:00,6,5.06,0,0,3.31,8.37,12.66,3.31,7.6,0,0,0,0,0,0,0,0,0,0,0,0,0,0,0,0,0,0,0,0,0,0,0,0,0,0,0,15.97,7.6
Chili's Grill & Bar (4060 Clairemont Mesa Blvd),"Lamont St, San Diego, CA 92109-6133, US",Lamont St,San Diego,CA,92109,US,00:34:21,7,08/07/2023 18:39:00,12,7.11,0,0,9,16.11,13.86,4,11.71,10.23,5,5.27,0,0,0,0,0,0,0,0,0,0,0,0,0,0,0,0,0,0,0,0,0,0,0,0,33.09,16.98
Boudin (Balboa Mesa),"Batista St, San Diego, CA 92111-3433, US",Batista St,San Diego,CA,92111,US,00:33:08,3.4,08/07/2023 17:57:00,12,7.18,0,0,10.64,17.82,11.36,6.04,6.32,8.38,4.6,6.24,0,0,0,0,0,0,0,0,0,0,0,0,0,0,0,0,0,0,0,0,0,0,0,0,30.38,12.56
Aladdin Mediterranean Restaurant,"Pacific Palm Way, San Diego, CA 92117, US",Pacific Palm Way,San Diego,CA,92117,US,00:49:56,5.6,08/07/2023 16:58:00,12,6.77,0,0,7,13.77,9.19,5,4.21,8.34,2,6.55,0,0,0,0,0,0,0,0,0,0,0,0,0,0,0,0,0,0,0,0,0,0,0,0,24.53,10.76
Sushi Kuchi,"Lake Helix Dr, La Mesa, CA 91941-4434, US",Lake Helix Dr,La Mesa,CA,91941,US,00:24:42,15,08/19/2023 19:12:00,6,7.32,0,0,6.7,14.02,14.35,6.7,7.03,0,0,0,0,0,0,0,0,0,0,0,0,0,0,0,0,0,0,0,0,0,0,0,0,0,0,0,21.05,7.03
Mochinut Donuts SD (Convoy),"A St, San Diego, CA 92101, US",A St,San Diego,CA,92101,US,00:33:55,15.7,08/19/2023 18:17:00,6,9.99,0,0,5.05,15.04,25.46,5.05,15.47,0,0,0,0,0,0,0,0,0,0,0,0,0,0,0,0,0,0,0,0,0,0,0,0,0,0,0,30.51,15.47
Lupe's Taco Shop (7621 Linda Vista Rd),"Grand Ave, San Diego, CA 92109, US",Grand Ave,San Diego,CA,92109,US,00:40:14,12,08/19/2023 17:16:00,12,12.02,0,0,4,16.02,9.44,1,5.28,9.43,3,1.57,0,0,0,0,0,0,0,0,0,0,0,0,0,0,0,0,0,0,0,0,0,0,0,0,22.869999999999997,6.8500000000000005
"Castanedas Mexican Food - San Diego, CA","Mississippi St, San Diego, CA 92116, US",Mississippi St,San Diego,CA,92116,US,00:21:33,7.5,08/18/2023 20:45:00,6,8.03,0,0,3,11.03,12.33,3,4.3,0,0,0,0,0,0,0,0,0,0,0,0,0,0,0,0,0,0,0,0,0,0,0,0,0,0,0,15.33,4.3
Koon Thai kitchen,"Syracuse Ln, San Diego, CA 92122-3329, US",Syracuse Ln,San Diego,CA,92122,US,00:18:48,6.1,08/18/2023 19:40:00,6,5.7,0,0,3.43,9.13,9.98,3.43,4.28,0,0,0,0,0,0,0,0,0,0,0,0,0,0,0,0,0,0,0,0,0,0,0,0,0,0,0,13.41,4.28
Sushi Kuchi,"Sandmark Ave, San Diego, CA 92123, USA",Sandmark Ave,San Diego,CA,92123,USA,00:32:50,10.2,08/18/2023 19:00:00,12,6.7,0,0,23.14,29.84,10.43,8.58,6.67,16.45,14.56,13.51,0,0,0,0,0,0,0,0,0,0,0,0,0,0,0,0,0,0,0,0,0,0,0,0,50.019999999999996,20.18
Mountain Mike's Pizza (3089 Clairemont),"W F St & California St, San Diego, CA 92101, US",W F St & California St,San Diego,CA,92101,US,00:26:53,10.2,08/05/2023 19:17:00,6,6.02,0,0,5,11.02,18.37,5,12.35,0,0,0,0,0,0,0,0,0,0,0,0,0,0,0,0,0,0,0,0,0,0,0,0,0,0,0,23.37,12.35
Starbucks (La Mesa & University),"Wellesley St E, La Mesa, CA 91942, US",Wellesley St E,La Mesa,CA,91942,US,00:29:26,3.7,08/18/2023 18:14:00,12,5.37,0,0,8.89,14.26,10.88,6.02,8.52,10.4,2.87,7.39,0,0,0,0,0,0,0,0,0,0,0,0,0,0,0,0,0,0,0,0,0,0,0,0,30.169999999999998,15.91
Urban Bubble,"Windsor Dr, La Mesa, CA 91941-7810, US",Windsor Dr,La Mesa,CA,91941,US,01:00:00,15,08/18/2023 17:11:00,12,14.96,0,0,26.34,41.3,23.49,6.09,14.02,15.27,20.25,9.78,0,0,0,0,0,0,0,0,0,0,0,0,0,0,0,0,0,0,0,0,0,0,0,0,65.1,23.799999999999997
"Castanedas Mexican Food - San Diego, CA","Salizar St, San Diego, CA 92111-3330, US",Salizar St,San Diego,CA,92111,US,00:29:25,4.1,08/17/2023 19:50:00,12,7.26,0,0,11.76,19.02,12.65,6.47,6.78,10.8,5.29,9.41,0,0,0,0,0,0,0,0,0,0,0,0,0,0,0,0,0,0,0,0,0,0,0,0,35.21,16.19
Crab Town,"Edgeware Rd, San Diego, CA 92116, US",Edgeware Rd,San Diego,CA,92116,US,00:26:50,9.7,08/17/2023 19:05:00,6,6,0,0,6.03,12.03,8.35,6.03,2.35,0,0,0,0,0,0,0,0,0,0,0,0,0,0,0,0,0,0,0,0,0,0,0,0,0,0,0,14.379999999999999,2.35
Di-Chan Thai Restaurant,"Repecho Dr, San Diego, CA 92124, US",Repecho Dr,San Diego,CA,92124,US,00:21:47,5.3,08/17/2023 18:30:00,6,4.9,0,0,5,9.9,11.94,5,7.04,0,0,0,0,0,0,0,0,0,0,0,0,0,0,0,0,0,0,0,0,0,0,0,0,0,0,0,16.939999999999998,7.04
Star Anise Thai Cuisine,"Nobel Dr, San Diego, CA 92122, US",Nobel Dr,San Diego,CA,92122,US,00:16:15,1.8,08/17/2023 17:48:00,6,4.16,0,0,8.68,12.84,14.28,8.68,10.12,0,0,0,0,0,0,0,0,0,0,0,0,0,0,0,0,0,0,0,0,0,0,0,0,0,0,0,22.96,10.12
Tajima Convoy,"Fiore Ter, San Diego, CA 92122-5601, US",Fiore Ter,San Diego,CA,92122,US,00:35:52,6.6,08/17/2023 17:11:00,12,8.16,0,0,10.6,18.76,10.74,5.6,5.74,10.16,5,7,0,0,0,0,0,0,0,0,0,0,0,0,0,0,0,0,0,0,0,0,0,0,0,0,31.5,12.74
Epic Wings- Kearny Mesa (Convoy),"Centre St, San Diego, CA 92103, US",Centre St,San Diego,CA,92103,US,00:28:39,8.7,08/14/2023 18:56:00,12,7.66,0,0,11.03,18.69,10.76,3,6.8,10.24,8.03,6.54,0,0,0,0,0,0,0,0,0,0,0,0,0,0,0,0,0,0,0,0,0,0,0,0,32.03,13.34
7-Eleven (2576 Clairemont),"Jackdaw St, San Diego, CA 92103, US",Jackdaw St,San Diego,CA,92103,US,00:22:13,8.3,08/14/2023 18:24:00,6,5.75,0,0,4.25,10,12.14,4.25,6.39,0,0,0,0,0,0,0,0,0,0,0,0,0,0,0,0,0,0,0,0,0,0,0,0,0,0,0,16.39,6.39
RakiRaki - Convoy,"Leathers St, San Diego, CA 92117-2436, US",Leathers St,San Diego,CA,92117,US,00:39:58,10.1,08/14/2023 17:35:00,12,8.64,0,0,7.67,16.31,9.67,4.67,4.28,14.6,3,11.35,0,0,0,0,0,0,0,0,0,0,0,0,0,0,0,0,0,0,0,0,0,0,0,0,31.94,15.629999999999999
Havana Grill,"Cowley Way, San Diego, CA 92117-5802, US",Cowley Way,San Diego,CA,92117,US,00:29:54,4.3,08/05/2023 18:43:00,12,6.26,0,0,9,15.26,12,6,7.57,4.93,3,3.1,0,0,0,0,0,0,0,0,0,0,0,0,0,0,0,0,0,0,0,0,0,0,0,0,25.93,10.67
Urban Bubble,"Towne Centre Dr, San Diego, CA 92121, US",Towne Centre Dr,San Diego,CA,92121,US,00:12:57,5.7,09/02/2023 19:18:00,6,4.41,0,0,2,6.41,8.77,2,4.36,0,0,0,0,0,0,0,0,0,0,0,0,0,0,0,0,0,0,0,0,0,0,0,0,0,0,0,10.77,4.36
"Papa Johns Pizza (3737 Murphy Canyon Road, Suite E)","Repecho Dr, San Diego, CA 92124, US",Repecho Dr,San Diego,CA,92124,US,00:16:30,4.7,09/02/2023 18:55:00,6,5.52,0,0,0,5.52,0,0,0,0,0,0,0,0,0,0,0,0,0,0,0,0,0,0,0,0,0,0,0,0,0,0,0,0,0,0,0,0
Sushi Kuchi,"Pasternack Pl, San Diego, CA 92123-3059, US",Pasternack Pl,San Diego,CA,92123,US,00:13:06,2.8,09/02/2023 18:42:00,6,3.5,0,0,4,7.5,9.59,4,6.09,0,0,0,0,0,0,0,0,0,0,0,0,0,0,0,0,0,0,0,0,0,0,0,0,0,0,0,13.59,6.09
Din Tai Fung (San Diego),"Spectrum Center Blvd, San Diego, CA 92123, US",Spectrum Center Blvd,San Diego,CA,92123,US,00:20:25,7.6,09/02/2023 18:00:00,6,9.07,0,0,0,9.07,0,0,0,0,0,0,0,0,0,0,0,0,0,0,0,0,0,0,0,0,0,0,0,0,0,0,0,0,0,0,0,0
The Poke Co. - Mira Mesa,"Camino Ruiz, San Diego, CA 92126, US",Camino Ruiz,San Diego,CA,92126,US,00:23:02,4,09/02/2023 17:25:00,6,4.15,0,0,3,7.15,9.17,3,5.02,0,0,0,0,0,0,0,0,0,0,0,0,0,0,0,0,0,0,0,0,0,0,0,0,0,0,0,12.17,5.02
The Lab Dessert & Coffee,"Keoki St, San Diego, CA 92126, US",Keoki St,San Diego,CA,92126,US,00:22:21,8.9,09/02/2023 16:59:00,6,5.49,0,0,10.35,15.84,17.48,10.35,11.99,0,0,0,0,0,0,0,0,0,0,0,0,0,0,0,0,0,0,0,0,0,0,0,0,0,0,0,27.83,11.99
The Taco Stand (Convoy St),"W Bluff Pl, Santee, CA 92071, USA",W Bluff Pl,Santee,CA,92071,USA,00:24:09,11.4,09/01/2023 19:29:00,6,9.07,0,0,8,17.07,25.06,8,15.99,0,0,0,0,0,0,0,0,0,0,0,0,0,0,0,0,0,0,0,0,0,0,0,0,0,0,0,33.06,15.99
Epic Wings- Kearny Mesa (Convoy),"Texas St, San Diego, CA 92116, US",Texas St,San Diego,CA,92116,US,00:21:45,7.1,09/01/2023 18:55:00,6,8.19,0,0,0,8.19,0,0,0,0,0,0,0,0,0,0,0,0,0,0,0,0,0,0,0,0,0,0,0,0,0,0,0,0,0,0,0,0
The Crack Shack (Little Italy),"Buenos Ave, San Diego, CA 92110, US",Buenos Ave,San Diego,CA,92110,US,00:28:28,6.7,09/01/2023 18:14:00,6,4.52,0,0,20.76,25.28,15.12,20.76,10.6,0,0,0,0,0,0,0,0,0,0,0,0,0,0,0,0,0,0,0,0,0,0,0,0,0,0,0,35.88,10.6
Tasty Noodle House San Diego Inc,"W Olive St, San Diego, CA 92103, US",W Olive St,San Diego,CA,92103,US,00:30:01,11.3,09/01/2023 17:33:00,6,7.42,0,0,9,16.42,15.37,9,7.95,0,0,0,0,0,0,0,0,0,0,0,0,0,0,0,0,0,0,0,0,0,0,0,0,0,0,0,24.369999999999997,7.95
Havana Grill,"Cowley Way, San Diego, CA 92117-5802, US",Cowley Way,San Diego,CA,92117,US,00:29:54,4.3,08/05/2023 18:43:00,12,6.26,0,0,9,15.26,12,6,7.57,4.93,3,3.1,0,0,0,0,0,0,0,0,0,0,0,0,0,0,0,0,0,0,0,0,0,0,0,0,25.93,10.67
Mizukiyama Sushi,"Pinar Pl, Del Mar, CA 92014, USA",Pinar Pl,Del Mar,CA,92014,USA,00:17:39,3.3,08/31/2023 20:32:00,6,3.63,0,0,8.72,12.35,8.94,8.72,5.31,0,0,0,0,0,0,0,0,0,0,0,0,0,0,0,0,0,0,0,0,0,0,0,0,0,0,0,17.66,5.31
Station Sushi,"Corto St, Solana Beach, CA 92075, US",Corto St,Solana Beach,CA,92075,US,00:16:05,2.7,08/31/2023 20:01:00,6,5.05,0,0,4,9.05,9.47,4,4.42,0,0,0,0,0,0,0,0,0,0,0,0,0,0,0,0,0,0,0,0,0,0,0,0,0,0,0,13.47,4.42
Chipotle Mexican Grill (2710 Via De La Valle Ste 290),"Rancho del Mar Trl, San Diego, CA 92130-5207, US",Rancho del Mar Trl,San Diego,CA,92130,US,00:15:59,3,08/31/2023 19:28:00,6,3.44,0,0,7.47,10.91,17.1,7.47,13.66,0,0,0,0,0,0,0,0,0,0,0,0,0,0,0,0,0,0,0,0,0,0,0,0,0,0,0,24.57,13.66
Tender Greens (3745 Paseo Place Suite 0840),"Caminito Pacifica Trl, San Diego, CA 92130, US",Caminito Pacifica Trl,San Diego,CA,92130,US,00:30:46,3.5,08/31/2023 18:46:00,6,4.22,0,0,6,10.22,15.62,6,11.4,0,0,0,0,0,0,0,0,0,0,0,0,0,0,0,0,0,0,0,0,0,0,0,0,0,0,0,21.619999999999997,11.4
RakiRaki - Convoy,"Torrey Cir, San Diego, CA 92130, US",Torrey Cir,San Diego,CA,92130,US,01:15:00,23.9,08/31/2023 16:59:00,12,24.01,0,0,12.82,36.83,27.1,5,17.8,27.79,7.82,13.08,0,0,0,0,0,0,0,0,0,0,0,0,0,0,0,0,0,0,0,0,0,0,0,0,67.71000000000001,30.880000000000003
McDonald's (5920 BALBOA AVE),"Kearny Villa Rd, San Diego, CA 92123, USA",Kearny Villa Rd,San Diego,CA,92123,USA,00:16:49,8.3,08/28/2023 20:34:00,6,5.95,0,0,2.13,8.08,0.46,0,1,0,0,0,0,0,0,0,0,0,0,0,0,0,0,0,0,0,0,0,0,0,0,0,0,0,0,0,0.46,1
Tajima Convoy,"Cowley Way, San Diego, CA 92110, US",Cowley Way,San Diego,CA,92110,US,00:31:33,6.1,08/28/2023 19:55:00,6,4.35,0,0,4.78,9.13,7.83,4.78,3.48,0,0,0,0,0,0,0,0,0,0,0,0,0,0,0,0,0,0,0,0,0,0,0,0,0,0,0,12.61,3.48
Bei Yuan Tea & Boba (Clairemont Mesa),"Nobel Dr, San Diego, CA 92122, US",Nobel Dr,San Diego,CA,92122,US,00:24:14,8.7,08/28/2023 18:26:00,6,6.13,0,0,7.89,14.02,10.56,7.89,4.43,0,0,0,0,0,0,0,0,0,0,0,0,0,0,0,0,0,0,0,0,0,0,0,0,0,0,0,18.45,4.43
RakiRaki - Convoy,"Van Dyke Ave, San Diego, CA 92105-1219, US",Van Dyke Ave,San Diego,CA,92105,US,00:38:38,8.4,08/28/2023 17:08:00,12,10.07,0,0,8.79,18.86,11.8,8.79,8.12,10.89,0,4.5,0,0,0,0,0,0,0,0,0,0,0,0,0,0,0,0,0,0,0,0,0,0,0,0,31.48,12.62
Jack in the Box (14039 Highway 8 Business),"Plaza Viejas, Alpine, CA 91901, US",Plaza Viejas,Alpine,CA,91901,US,00:26:26,11.6,08/27/2023 21:13:00,1,8.44,0,0,5.03,13.47,22.89,5.03,14.45,0,0,0,0,0,0,0,0,0,0,0,0,0,0,0,0,0,0,0,0,0,0,0,0,0,0,0,27.92,14.45
Chaba Thai Kitchen,"Clairemont Mesa Blvd, San Diego, CA 92117-2205, US",Clairemont Mesa Blvd,San Diego,CA,92117,US,00:18:57,4.3,08/05/2023 18:27:00,6,3.57,0,0,4.5,8.07,8.31,4.5,4.74,0,0,0,0,0,0,0,0,0,0,0,0,0,0,0,0,0,0,0,0,0,0,0,0,0,0,0,12.81,4.74
Dave's Hot Chicken (Mira Mesa),"Genesee Ave, San Diego, CA 92121-1801, US",Genesee Ave,San Diego,CA,92121,US,00:59:05,21.8,07/07/2023 18:17:00,12,14.57,0,0,1.5,16.07,19.19,0,12.95,12.02,1.5,3.69,0,0,0,0,0,0,0,0,0,0,0,0,0,0,0,0,0,0,0,0,0,0,0,0,32.71,16.64
Mesa Liquor & Wine Co. - Knockout Deli,"Westmore Ln, San Diego, CA 92126, US",Westmore Ln,San Diego,CA,92126,US,00:24:53,9.9,07/07/2023 18:01:00,6,9.08,0,0,22.82,31.9,24.39,22.82,15.31,0,0,0,0,0,0,0,0,0,0,0,0,0,0,0,0,0,0,0,0,0,0,0,0,0,0,0,47.21,15.31
Havana Grill,"Camino Playa Carmel, San Diego, CA 92124, US",Camino Playa Carmel,San Diego,CA,92124,US,00:50:31,7.6,07/07/2023 17:02:00,12,9.53,0,0,21.1,30.63,6.96,6,5.19,16.21,15.1,8.45,0,0,0,0,0,0,0,0,0,0,0,0,0,0,0,0,0,0,0,0,0,0,0,0,44.27,13.64
Urban Bubble,"Ambrosia Dr, San Diego, CA 92124, US",Ambrosia Dr,San Diego,CA,92124,US,00:24:35,9.6,07/07/2023 12:20:00,3,9.11,0.33,0.33,4.63,14.07,10.93,4.63,1.49,0,0,0,0,0,0,0,0,0,0,0,0,0,0,0,0,0,0,0,0,0,0,0,0,0,0,0,15.559999999999999,1.49
Mendocino Farms,"Convoy Ct, San Diego, CA 92111, USA",Convoy Ct,San Diego,CA,92111,USA,00:48:49,9.9,07/07/2023 11:25:00,6,9.85,0.24,0.24,39.91,50,9.3,17.23,4.38,10.49,22.68,5.32,0,0,0,0,0,0,0,0,0,0,0,0,0,0,0,0,0,0,0,0,0,0,0,0,59.7,9.7
Yogurt On The Rocks,"Falcon St, San Diego, CA 92103, USA",Falcon St,San Diego,CA,92103,USA,00:24:34,8.2,07/06/2023 19:14:00,6,6.49,0,0,5.94,12.43,16.61,5.94,10.12,0,0,0,0,0,0,0,0,0,0,0,0,0,0,0,0,0,0,0,0,0,0,0,0,0,0,0,22.55,10.12
RakiRaki - Convoy,"Emerald St, San Diego, CA 92109-3620, US",Emerald St,San Diego,CA,92109,US,00:27:35,6.1,07/06/2023 18:50:00,6,6.06,0,0,17.22,23.28,18.76,17.22,12.7,0,0,0,0,0,0,0,0,0,0,0,0,0,0,0,0,0,0,0,0,0,0,0,0,0,0,0,35.980000000000004,12.7
99 Ranch Market,"Nicole Ridge Rd, San Diego, CA 92127, USA",Nicole Ridge Rd,San Diego,CA,92127,USA,00:40:35,18.3,07/06/2023 17:36:00,6,13.02,0,0,14,27.02,17.66,14,4.64,0,0,0,0,0,0,0,0,0,0,0,0,0,0,0,0,0,0,0,0,0,0,0,0,0,0,0,31.66,4.64
Sushi Kuchi,"Costa Verde Blvd, San Diego, CA 92122-6620, US",Costa Verde Blvd,San Diego,CA,92122,US,00:19:24,6.4,07/06/2023 17:00:00,6,6.33,0,0,6.28,12.61,13.05,6.28,6.72,0,0,0,0,0,0,0,0,0,0,0,0,0,0,0,0,0,0,0,0,0,0,0,0,0,0,0,19.330000000000002,6.72
Which Wich - Mission Valley,"Villa Ter, San Diego, CA 92104, US",Villa Ter,San Diego,CA,92104,US,00:41:57,6.3,07/06/2023 12:18:00,6,9.61,0,0,7.77,17.38,8.96,3.1,4,9.55,4.67,4.9,0,0,0,0,0,0,0,0,0,0,0,0,0,0,0,0,0,0,0,0,0,0,0,0,26.28,8.9
